"imputation","iteration","suggested_factors","item_removed","removal_reason","removal_value","communality","complexity","highest_loading"
1,1,28,"Sympathy_Limits","communality",0.12,0.12,6.38,0.19
1,2,28,"Worry_Compare","communality",0.13,0.13,5.6,0.2
1,3,27,"More_Or_Less_Positive","communality",0.16,0.16,2.09,0.31
1,4,27,"Alcohol_More_Than_Intended","communality",0.18,0.18,9,0.16
1,5,27,"Should_Obey_Law","communality",0.19,0.19,6.54,0.21
1,6,27,"Aware_Body","communality",0.19,0.19,3.29,0.34
1,7,27,"Without_skill","communality",0.23,0.23,1.47,0.44
1,8,27,"When_Difficult","communality",0.17,0.17,2.46,0.34
1,9,27,"Approach_Health","communality",0.21,0.21,3.35,0.25
1,10,27,"Intercourse_Pain","communality",0.23,0.23,5.69,0.24
1,11,27,"Leaking_Urine","communality",0.23,0.23,2.54,0.33
1,12,27,"Bad_Happens_Prevented","communality",0.24,0.24,6.47,0.23
1,13,27,"Releived_No_Responsibility","communality",0.24,0.24,3.01,0.34
1,14,27,"Quick_Sense_Hunger","communality",0.24,0.24,1.24,0.51
1,15,26,"Low_Pain_Tolerance","communality",0.21,0.21,7.37,0.24
1,16,26,"Loud_Noise","communality",0.23,0.23,9.88,0.17
1,17,26,"Hate_Temp","communality",0.23,0.23,6.82,0.2
1,18,26,"Headache_Frequency","communality",0.25,0.25,7.54,0.2
1,19,26,"Mental_Emotional","max_loading",0.21,0.38,6.87,0.21
1,20,26,"Exciting_Look_Forward","max_loading",0.22,0.54,8.17,0.22
1,21,26,"Trust_Friends","max_loading",0.23,0.48,7.64,0.23
1,22,25,"Careless","max_loading",0.23,0.3,7.49,0.23
1,23,25,"Some_Wander_Aimlessly","max_loading",0.23,0.47,5.86,0.23
1,24,26,"Actively_Carry_Plans","max_loading",0.23,0.53,6.64,0.23
1,25,26,"Worthless_Freq","max_loading",0.23,0.82,8.36,0.23
1,26,26,"Nothing_Cheer","max_loading",0.24,0.72,8.37,0.24
1,27,25,"Positive_About_Self","max_loading",0.24,0.78,10.47,0.24
1,28,25,"Avoid_Distraction","max_loading",0.25,0.33,6.11,0.25
1,29,25,"High_Standards","max_loading",0.26,0.44,8.26,0.26
1,30,25,"Worry_Frequency","max_loading",0.26,0.4,5.12,0.26
1,31,25,"Dont_Fit_Community","max_loading",0.28,0.5,5.96,0.28
1,32,25,"People_Take_Advantage","max_loading",0.27,0.47,6.77,0.27
1,33,25,"Sense_Of_Direction","max_loading",0.28,0.61,5.74,0.28
1,34,25,"Expect_The_Best","max_loading",0.28,0.36,6.2,0.28
1,35,25,"Optimistic_About_Future","max_loading",0.27,0.48,5.82,0.27
1,36,24,"Choose_Goals","communality",0.19,0.19,6.04,0.28
1,37,24,"To_Reach_Goals","communality",0.16,0.16,5.54,0.17
1,38,24,"Everything_Effort","max_loading",0.28,0.58,5.27,0.28
1,39,24,"More_Sucessful","max_loading",0.29,0.4,4.21,0.29
1,40,24,"Upset_Think_Day","max_loading",0.29,0.53,5.67,0.29
2,1,28,"Sympathy_Limits","communality",0.12,0.12,6.15,0.19
2,2,28,"Worry_Compare","communality",0.13,0.13,5.15,0.21
2,3,27,"More_Or_Less_Positive","communality",0.16,0.16,2.16,0.31
2,4,27,"Alcohol_More_Than_Intended","communality",0.18,0.18,10.05,0.16
2,5,27,"Should_Obey_Law","communality",0.19,0.19,6.64,0.21
2,6,27,"Aware_Body","communality",0.2,0.2,3.38,0.33
2,7,27,"Approach_Health","communality",0.23,0.23,2.43,0.29
2,8,27,"When_Difficult","communality",0.21,0.21,1.99,0.41
2,9,27,"Without_skill","communality",0.16,0.16,1.83,0.32
2,10,27,"Intercourse_Pain","communality",0.24,0.24,6.06,0.25
2,11,27,"Leaking_Urine","communality",0.23,0.23,2.74,0.32
2,12,27,"Releived_No_Responsibility","communality",0.24,0.24,3.22,0.33
2,13,27,"Bad_Happens_Prevented","communality",0.24,0.24,6.51,0.23
2,14,27,"Quick_Sense_Hunger","communality",0.24,0.24,1.23,0.51
2,15,26,"Low_Pain_Tolerance","communality",0.22,0.22,7.39,0.24
2,16,26,"Loud_Noise","communality",0.24,0.24,9.68,0.17
2,17,26,"Hate_Temp","communality",0.23,0.23,6.73,0.2
2,18,26,"Headache_Frequency","communality",0.25,0.25,7.91,0.19
2,19,26,"Mental_Emotional","max_loading",0.21,0.38,6.69,0.21
2,20,26,"Exciting_Look_Forward","max_loading",0.22,0.54,8.26,0.22
2,21,26,"Trust_Friends","max_loading",0.23,0.48,7.66,0.23
2,22,25,"Careless","max_loading",0.24,0.3,7.47,0.24
2,23,25,"Some_Wander_Aimlessly","max_loading",0.24,0.47,5.69,0.24
2,24,26,"Actively_Carry_Plans","max_loading",0.23,0.53,6.49,0.23
2,25,26,"Worthless_Freq","max_loading",0.23,0.82,8.51,0.23
2,26,25,"Positive_About_Self","max_loading",0.23,0.78,10.57,0.23
2,27,25,"Avoid_Distraction","max_loading",0.25,0.32,6.15,0.25
2,28,25,"Worry_Frequency","max_loading",0.25,0.41,5.34,0.25
2,29,25,"High_Standards","max_loading",0.26,0.45,8.2,0.26
2,30,25,"People_Take_Advantage","max_loading",0.26,0.47,7,0.26
2,31,25,"Nothing_Cheer","max_loading",0.27,0.7,6.55,0.27
2,32,25,"Dont_Fit_Community","max_loading",0.28,0.5,5.93,0.28
2,33,25,"Sense_Of_Direction","max_loading",0.28,0.61,5.48,0.28
2,34,25,"Upset_Think_Day","max_loading",0.29,0.54,5.8,0.29
2,35,25,"Everything_Effort","max_loading",0.29,0.58,5.21,0.29
2,36,25,"Expect_The_Best","max_loading",0.29,0.36,6.01,0.29
2,37,25,"Optimistic_About_Future","max_loading",0.27,0.48,5.67,0.27
2,38,24,"Choose_Goals","communality",0.19,0.19,5.92,0.28
2,39,24,"To_Reach_Goals","communality",0.16,0.16,5.6,0.17
2,40,24,"More_Sucessful","max_loading",0.29,0.4,4.11,0.29
2,41,24,"Minor_Setback_Irritate","max_loading",0.3,0.49,4.54,0.3
3,1,28,"Sympathy_Limits","communality",0.12,0.12,6.65,0.18
3,2,28,"Worry_Compare","communality",0.13,0.13,5.17,0.21
3,3,27,"More_Or_Less_Positive","communality",0.16,0.16,2.19,0.31
3,4,27,"Should_Obey_Law","communality",0.19,0.19,6.78,0.2
3,5,27,"Alcohol_More_Than_Intended","communality",0.19,0.19,10.18,0.17
3,6,27,"Aware_Body","communality",0.2,0.2,3.31,0.34
3,7,27,"Intercourse_Pain","communality",0.23,0.23,6.82,0.23
3,8,27,"Without_skill","communality",0.23,0.23,1.43,0.44
3,9,27,"When_Difficult","communality",0.17,0.17,2.41,0.34
3,10,27,"Approach_Health","communality",0.21,0.21,3.36,0.25
3,11,27,"Leaking_Urine","communality",0.24,0.24,2.63,0.33
3,12,27,"Bad_Happens_Prevented","communality",0.24,0.24,6.49,0.23
3,13,27,"Releived_No_Responsibility","communality",0.24,0.24,2.94,0.34
3,14,27,"Quick_Sense_Hunger","communality",0.24,0.24,1.22,0.51
3,15,26,"Low_Pain_Tolerance","communality",0.22,0.22,6.72,0.25
3,16,26,"Loud_Noise","communality",0.24,0.24,9.99,0.17
3,17,26,"Hate_Temp","communality",0.24,0.24,6.79,0.21
3,18,26,"Headache_Frequency","communality",0.25,0.25,7.82,0.2
3,19,26,"Mental_Emotional","max_loading",0.22,0.38,6.76,0.22
3,20,26,"Exciting_Look_Forward","max_loading",0.22,0.54,8.31,0.22
3,21,26,"Trust_Friends","max_loading",0.24,0.48,7.54,0.24
3,22,26,"High_Standards","max_loading",0.25,0.45,8.37,0.25
3,23,26,"People_Take_Advantage","max_loading",0.24,0.47,7.53,0.24
3,24,26,"Actively_Carry_Plans","max_loading",0.24,0.54,6.56,0.24
3,25,26,"Some_Wander_Aimlessly","max_loading",0.24,0.46,4.88,0.24
3,26,26,"Worthless_Freq","max_loading",0.24,0.82,8.54,0.24
3,27,26,"Nothing_Cheer","max_loading",0.24,0.72,9.03,0.24
3,28,25,"Careless","max_loading",0.22,0.3,8.16,0.22
3,29,25,"Avoid_Distraction","max_loading",0.25,0.32,6.25,0.25
3,30,25,"Positive_About_Self","max_loading",0.26,0.78,9.65,0.26
3,31,25,"Worry_Frequency","max_loading",0.27,0.41,5.03,0.27
3,32,25,"Dont_Fit_Community","max_loading",0.28,0.5,5.98,0.28
3,33,25,"Expect_The_Best","max_loading",0.28,0.36,6.42,0.28
3,34,25,"Optimistic_About_Future","max_loading",0.27,0.48,5.78,0.27
3,35,24,"Choose_Goals","communality",0.17,0.17,6.29,0.26
3,36,24,"To_Reach_Goals","communality",0.16,0.16,5.4,0.18
3,37,24,"More_Sucessful","max_loading",0.29,0.4,4.05,0.29
3,38,24,"Everything_Effort","max_loading",0.29,0.58,5.07,0.29
3,39,24,"Upset_Think_Day","max_loading",0.29,0.53,5.78,0.29
3,40,24,"Minor_Setback_Irritate","max_loading",0.29,0.49,4.6,0.29
4,1,28,"Sympathy_Limits","communality",0.12,0.12,6.41,0.19
4,2,28,"Worry_Compare","communality",0.13,0.13,4.98,0.22
4,3,27,"More_Or_Less_Positive","communality",0.16,0.16,2.16,0.31
4,4,27,"Alcohol_More_Than_Intended","communality",0.19,0.19,10.85,0.16
4,5,27,"Should_Obey_Law","communality",0.19,0.19,6.65,0.2
4,6,27,"Aware_Body","communality",0.2,0.2,3.23,0.34
4,7,27,"Without_skill","communality",0.23,0.23,1.42,0.44
4,8,27,"When_Difficult","communality",0.16,0.16,2.42,0.33
4,9,27,"Approach_Health","communality",0.21,0.21,3.52,0.24
4,10,27,"Intercourse_Pain","communality",0.23,0.23,6.14,0.24
4,11,27,"Leaking_Urine","communality",0.24,0.24,2.73,0.33
4,12,27,"Releived_No_Responsibility","communality",0.24,0.24,3.1,0.33
4,13,27,"Bad_Happens_Prevented","communality",0.24,0.24,6.52,0.22
4,14,27,"Quick_Sense_Hunger","communality",0.24,0.24,1.23,0.51
4,15,26,"Low_Pain_Tolerance","communality",0.22,0.22,7.15,0.25
4,16,26,"Loud_Noise","communality",0.24,0.24,9.78,0.18
4,17,26,"Hate_Temp","communality",0.23,0.23,6.96,0.2
4,18,26,"Headache_Frequency","communality",0.25,0.25,7.57,0.2
4,19,26,"Mental_Emotional","max_loading",0.22,0.38,6.67,0.22
4,20,26,"Exciting_Look_Forward","max_loading",0.22,0.54,8.41,0.22
4,21,26,"Trust_Friends","max_loading",0.24,0.48,7.6,0.24
4,22,26,"High_Standards","max_loading",0.25,0.45,8.61,0.25
4,23,26,"Avoid_Distraction","max_loading",0.25,0.32,6.31,0.25
4,24,26,"Worthless_Freq","max_loading",0.25,0.82,8.35,0.25
4,25,26,"Nothing_Cheer","max_loading",0.24,0.72,8.47,0.24
4,26,25,"Careless","max_loading",0.2,0.3,8.9,0.2
4,27,25,"Some_Wander_Aimlessly","max_loading",0.25,0.47,5.07,0.25
4,28,25,"Lonely_Frequency","max_loading",0.26,0.66,6.62,0.26
4,29,25,"Positive_About_Self","max_loading",0.23,0.78,10.34,0.23
4,30,24,"Choose_Goals","communality",0.25,0.25,6.34,0.28
4,31,24,"To_Reach_Goals","communality",0.16,0.16,5.89,0.18
4,32,24,"Worry_Frequency","max_loading",0.26,0.4,4.96,0.26
4,33,24,"Upset_Think_Day","max_loading",0.28,0.54,5.81,0.28
4,34,23,"Sense_Of_Direction","max_loading",0.3,0.61,5.15,0.3
4,35,23,"Actively_Carry_Plans","max_loading",0.3,0.53,4.46,0.3
4,36,23,"Everything_Effort","max_loading",0.3,0.58,5.12,0.3
5,1,28,"Sympathy_Limits","communality",0.12,0.12,6.02,0.2
5,2,28,"Worry_Compare","communality",0.13,0.13,5.25,0.21
5,3,27,"More_Or_Less_Positive","communality",0.16,0.16,2.15,0.31
5,4,27,"Should_Obey_Law","communality",0.19,0.19,6.98,0.2
5,5,27,"Alcohol_More_Than_Intended","communality",0.19,0.19,9.8,0.17
5,6,27,"Aware_Body","communality",0.2,0.2,3.28,0.34
5,7,27,"Without_skill","communality",0.23,0.23,1.43,0.44
5,8,27,"When_Difficult","communality",0.17,0.17,2.49,0.34
5,9,27,"Approach_Health","communality",0.21,0.21,3.58,0.24
5,10,27,"Intercourse_Pain","communality",0.23,0.23,6.07,0.24
5,11,27,"Leaking_Urine","communality",0.23,0.23,2.59,0.33
5,12,27,"Bad_Happens_Prevented","communality",0.24,0.24,6.53,0.22
5,13,27,"Releived_No_Responsibility","communality",0.24,0.24,2.94,0.34
5,14,27,"Quick_Sense_Hunger","communality",0.24,0.24,1.23,0.51
5,15,26,"Low_Pain_Tolerance","communality",0.22,0.22,7.3,0.24
5,16,26,"Loud_Noise","communality",0.24,0.24,9.53,0.18
5,17,26,"Hate_Temp","communality",0.23,0.23,6.64,0.21
5,18,26,"Headache_Frequency","communality",0.25,0.25,7.75,0.2
5,19,26,"Mental_Emotional","max_loading",0.21,0.38,6.75,0.21
5,20,26,"Exciting_Look_Forward","max_loading",0.22,0.54,8.4,0.22
5,21,26,"Trust_Friends","max_loading",0.24,0.48,7.4,0.24
5,22,25,"Careless","max_loading",0.23,0.3,7.32,0.23
5,23,25,"Some_Wander_Aimlessly","max_loading",0.25,0.47,5.44,0.25
5,24,26,"Actively_Carry_Plans","max_loading",0.22,0.53,6.57,0.22
5,25,26,"Worthless_Freq","max_loading",0.23,0.82,8.32,0.23
5,26,26,"Worry_Frequency","max_loading",0.24,0.4,5.38,0.24
5,27,26,"Nothing_Cheer","max_loading",0.25,0.72,8.34,0.25
5,28,25,"Avoid_Distraction","max_loading",0.26,0.32,6.02,0.26
5,29,25,"Positive_About_Self","max_loading",0.26,0.78,10,0.26
5,30,25,"High_Standards","max_loading",0.26,0.45,8.01,0.26
5,31,25,"Dont_Fit_Community","max_loading",0.27,0.5,6.12,0.27
5,32,25,"People_Take_Advantage","max_loading",0.27,0.47,6.75,0.27
5,33,25,"Sense_Of_Direction","max_loading",0.28,0.61,5.68,0.28
5,34,25,"Expect_The_Best","max_loading",0.29,0.37,6.13,0.29
5,35,25,"Optimistic_About_Future","max_loading",0.27,0.48,5.77,0.27
5,36,24,"Choose_Goals","communality",0.19,0.19,5.89,0.28
5,37,24,"To_Reach_Goals","communality",0.16,0.16,5.59,0.17
5,38,24,"More_Sucessful","max_loading",0.29,0.41,4.17,0.29
5,39,24,"Everything_Effort","max_loading",0.29,0.58,5.25,0.29
5,40,24,"Upset_Think_Day","max_loading",0.29,0.53,5.6,0.29
5,41,24,"Social_Others_Lead","max_loading",0.3,0.32,5.32,0.3
5,42,24,"Minor_Setback_Irritate","max_loading",0.3,0.49,4.47,0.3
6,1,28,"Sympathy_Limits","communality",0.12,0.12,6.06,0.2
6,2,27,"Worry_Compare","communality",0.13,0.13,6.12,0.19
6,3,27,"More_Or_Less_Positive","communality",0.16,0.16,2.16,0.31
6,4,27,"Aware_Body","communality",0.19,0.19,3.27,0.33
6,5,27,"Should_Obey_Law","communality",0.19,0.19,7.11,0.21
6,6,27,"Alcohol_More_Than_Intended","communality",0.2,0.2,10.16,0.18
6,7,27,"Without_skill","communality",0.22,0.22,1.42,0.44
6,8,27,"When_Difficult","communality",0.17,0.17,2.42,0.34
6,9,27,"Approach_Health","communality",0.21,0.21,3.52,0.25
6,10,27,"Quick_Sense_Hunger","communality",0.24,0.24,1.26,0.5
6,11,27,"Bad_Happens_Prevented","communality",0.24,0.24,6.65,0.22
6,12,27,"Releived_No_Responsibility","communality",0.24,0.24,3.35,0.32
6,13,27,"Intercourse_Pain","communality",0.25,0.25,6.7,0.23
6,14,27,"Leaking_Urine","communality",0.24,0.24,2.86,0.33
6,15,27,"Headache_Frequency","communality",0.25,0.25,7.5,0.2
6,16,27,"Mental_Emotional","max_loading",0.21,0.38,7.2,0.21
6,17,27,"Exciting_Look_Forward","max_loading",0.23,0.55,8.41,0.23
6,18,26,"Low_Pain_Tolerance","communality",0.22,0.22,6.41,0.26
6,19,26,"Loud_Noise","communality",0.24,0.24,9.56,0.16
6,20,26,"Hate_Temp","communality",0.23,0.23,7.32,0.2
6,21,26,"Trust_Friends","max_loading",0.24,0.48,7.6,0.24
6,22,26,"High_Standards","max_loading",0.25,0.45,8.43,0.25
6,23,26,"Everything_Effort","max_loading",0.25,0.6,7.13,0.25
6,24,26,"Worthless_Freq","max_loading",0.25,0.81,8.13,0.25
6,25,26,"Worry_Frequency","max_loading",0.24,0.4,5.5,0.24
6,26,26,"Dont_Fit_Community","max_loading",0.25,0.51,6.71,0.25
6,27,26,"Avoid_Distraction","max_loading",0.25,0.32,6.39,0.25
6,28,26,"Nothing_Cheer","max_loading",0.25,0.7,7.9,0.25
6,29,25,"Careless","max_loading",0.22,0.3,8.22,0.22
6,30,25,"Some_Wander_Aimlessly","max_loading",0.24,0.47,5.68,0.24
6,31,25,"Positive_About_Self","max_loading",0.24,0.78,10.63,0.24
6,32,25,"People_Take_Advantage","max_loading",0.26,0.47,6.73,0.26
6,33,25,"Sense_Of_Direction","max_loading",0.27,0.61,5.87,0.27
6,34,25,"Expect_The_Best","max_loading",0.28,0.36,6.14,0.28
6,35,25,"Optimistic_About_Future","max_loading",0.27,0.48,5.65,0.27
6,36,24,"Choose_Goals","communality",0.2,0.2,6.03,0.28
6,37,24,"To_Reach_Goals","communality",0.16,0.16,5.59,0.18
6,38,24,"Actively_Carry_Plans","max_loading",0.28,0.53,4.83,0.28
6,39,24,"More_Sucessful","max_loading",0.29,0.41,4.14,0.29
6,40,24,"Social_Others_Lead","max_loading",0.3,0.32,5.33,0.3
7,1,29,"Sympathy_Limits","communality",0.12,0.12,7.29,0.18
7,2,28,"Worry_Compare","communality",0.13,0.13,5.61,0.2
7,3,27,"More_Or_Less_Positive","communality",0.16,0.16,2.13,0.31
7,4,27,"Should_Obey_Law","communality",0.19,0.19,6.85,0.21
7,5,27,"Alcohol_More_Than_Intended","communality",0.19,0.19,10.84,0.17
7,6,27,"Aware_Body","communality",0.2,0.2,3.24,0.34
7,7,27,"Without_skill","communality",0.23,0.23,1.43,0.44
7,8,27,"When_Difficult","communality",0.17,0.17,2.44,0.33
7,9,27,"Approach_Health","communality",0.21,0.21,3.18,0.25
7,10,27,"Quick_Sense_Hunger","communality",0.24,0.24,1.24,0.5
7,11,26,"Low_Pain_Tolerance","communality",0.22,0.22,7.81,0.24
7,12,26,"Loud_Noise","communality",0.24,0.24,8.66,0.19
7,13,26,"Hate_Temp","communality",0.24,0.24,6.27,0.22
7,14,26,"Intercourse_Pain","communality",0.24,0.24,4.71,0.28
7,15,26,"Leaking_Urine","communality",0.23,0.23,2.55,0.33
7,16,26,"Releived_No_Responsibility","communality",0.24,0.24,2.8,0.34
7,17,26,"Bad_Happens_Prevented","communality",0.25,0.25,6.8,0.22
7,18,26,"Headache_Frequency","communality",0.25,0.25,7.67,0.2
7,19,26,"Mental_Emotional","max_loading",0.22,0.38,6.51,0.22
7,20,26,"Exciting_Look_Forward","max_loading",0.22,0.54,8.41,0.22
7,21,26,"Trust_Friends","max_loading",0.23,0.47,7.71,0.23
7,22,25,"Actively_Carry_Plans","max_loading",0.23,0.54,6.43,0.23
7,23,26,"High_Standards","max_loading",0.25,0.45,8.55,0.25
7,24,26,"Dont_Fit_Community","max_loading",0.25,0.5,6.7,0.25
7,25,26,"Nothing_Cheer","max_loading",0.25,0.73,9.17,0.25
7,26,25,"Careless","max_loading",0.24,0.3,6.93,0.24
7,27,25,"Some_Wander_Aimlessly","max_loading",0.25,0.46,5.88,0.25
7,28,25,"Positive_About_Self","max_loading",0.25,0.79,9.9,0.25
7,29,25,"Avoid_Distraction","max_loading",0.25,0.33,6.22,0.25
7,30,25,"People_Take_Advantage","max_loading",0.26,0.46,6.9,0.26
7,31,25,"Worry_Frequency","max_loading",0.27,0.41,4.82,0.27
7,32,25,"Upset_Think_Day","max_loading",0.28,0.54,6.26,0.28
7,33,25,"Minor_Setback_Irritate","max_loading",0.28,0.5,4.91,0.28
7,34,25,"More_Sucessful","max_loading",0.29,0.41,4.5,0.29
7,35,25,"Worthless_Freq","max_loading",0.28,0.8,6.63,0.28
7,36,25,"Everything_Effort","max_loading",0.29,0.58,5.12,0.29
7,37,25,"Sense_Of_Direction","max_loading",0.29,0.61,5.69,0.29
7,38,25,"Expect_The_Best","max_loading",0.29,0.36,5.63,0.29
7,39,25,"Optimistic_About_Future","max_loading",0.28,0.47,5.41,0.28
7,40,24,"Choose_Goals","communality",0.2,0.2,5.84,0.28
7,41,24,"To_Reach_Goals","communality",0.16,0.16,5.59,0.18
7,42,24,"Social_Others_Lead","max_loading",0.3,0.31,5.14,0.3
8,1,28,"Sympathy_Limits","communality",0.12,0.12,6.2,0.19
8,2,28,"Worry_Compare","communality",0.13,0.13,5.26,0.21
8,3,27,"More_Or_Less_Positive","communality",0.16,0.16,2.13,0.31
8,4,27,"Alcohol_More_Than_Intended","communality",0.19,0.19,9.47,0.18
8,5,27,"Should_Obey_Law","communality",0.19,0.19,6.38,0.21
8,6,27,"Aware_Body","communality",0.19,0.19,3.18,0.34
8,7,27,"Without_skill","communality",0.22,0.22,1.46,0.44
8,8,27,"When_Difficult","communality",0.16,0.16,2.39,0.34
8,9,27,"Approach_Health","communality",0.21,0.21,3.36,0.25
8,10,27,"Intercourse_Pain","communality",0.23,0.23,6.4,0.24
8,11,27,"Leaking_Urine","communality",0.24,0.24,2.64,0.33
8,12,27,"Releived_No_Responsibility","communality",0.24,0.24,3.12,0.33
8,13,27,"Bad_Happens_Prevented","communality",0.24,0.24,6.63,0.22
8,14,27,"Quick_Sense_Hunger","communality",0.24,0.24,1.23,0.51
8,15,26,"Low_Pain_Tolerance","communality",0.22,0.22,7.43,0.24
8,16,26,"Loud_Noise","communality",0.24,0.24,9.76,0.17
8,17,26,"Hate_Temp","communality",0.23,0.23,7.08,0.2
8,18,26,"Headache_Frequency","communality",0.25,0.25,7.77,0.2
8,19,26,"Mental_Emotional","max_loading",0.22,0.38,6.64,0.22
8,20,26,"Exciting_Look_Forward","max_loading",0.22,0.54,8.41,0.22
8,21,26,"Trust_Friends","max_loading",0.23,0.48,7.59,0.23
8,22,25,"Careless","max_loading",0.22,0.3,7.94,0.22
8,23,26,"Actively_Carry_Plans","max_loading",0.23,0.54,6.36,0.23
8,24,26,"Worthless_Freq","max_loading",0.24,0.82,8.22,0.24
8,25,25,"Some_Wander_Aimlessly","max_loading",0.25,0.46,5.83,0.25
8,26,26,"Nothing_Cheer","max_loading",0.25,0.72,8.42,0.25
8,27,25,"Positive_About_Self","max_loading",0.26,0.78,9.87,0.26
8,28,25,"Avoid_Distraction","max_loading",0.25,0.32,5.98,0.25
8,29,25,"High_Standards","max_loading",0.26,0.45,8.15,0.26
8,30,25,"Worry_Frequency","max_loading",0.26,0.41,5.05,0.26
8,31,25,"People_Take_Advantage","max_loading",0.27,0.47,6.71,0.27
8,32,25,"Dont_Fit_Community","max_loading",0.28,0.5,5.93,0.28
8,33,25,"Expect_The_Best","max_loading",0.28,0.36,6.14,0.28
8,34,25,"Optimistic_About_Future","max_loading",0.27,0.48,5.6,0.27
8,35,25,"Sense_Of_Direction","max_loading",0.29,0.61,5.54,0.29
8,36,24,"Choose_Goals","communality",0.19,0.19,5.47,0.29
8,37,24,"To_Reach_Goals","communality",0.16,0.16,5.61,0.17
8,38,24,"More_Sucessful","max_loading",0.29,0.41,4.1,0.29
8,39,24,"Everything_Effort","max_loading",0.29,0.58,5.15,0.29
8,40,24,"Upset_Think_Day","max_loading",0.3,0.53,5.53,0.3
8,41,24,"Social_Others_Lead","max_loading",0.3,0.32,5.27,0.3
9,1,28,"Sympathy_Limits","communality",0.12,0.12,6.33,0.19
9,2,28,"Worry_Compare","communality",0.13,0.13,5.47,0.21
9,3,27,"More_Or_Less_Positive","communality",0.16,0.16,2.12,0.31
9,4,27,"Should_Obey_Law","communality",0.19,0.19,6.76,0.2
9,5,27,"Alcohol_More_Than_Intended","communality",0.19,0.19,11.2,0.16
9,6,27,"Aware_Body","communality",0.2,0.2,3.24,0.35
9,7,27,"Without_skill","communality",0.23,0.23,1.46,0.44
9,8,27,"When_Difficult","communality",0.17,0.17,2.43,0.34
9,9,27,"Approach_Health","communality",0.21,0.21,3.41,0.25
9,10,27,"Intercourse_Pain","communality",0.24,0.24,4.97,0.26
9,11,27,"Leaking_Urine","communality",0.24,0.24,2.71,0.33
9,12,27,"Bad_Happens_Prevented","communality",0.24,0.24,6.41,0.23
9,13,27,"Releived_No_Responsibility","communality",0.24,0.24,3.12,0.33
9,14,27,"Quick_Sense_Hunger","communality",0.24,0.24,1.23,0.51
9,15,26,"Low_Pain_Tolerance","communality",0.22,0.22,7.26,0.24
9,16,26,"Loud_Noise","communality",0.24,0.24,10.22,0.17
9,17,26,"Hate_Temp","communality",0.23,0.23,6.79,0.21
9,18,26,"Headache_Frequency","communality",0.25,0.25,7.72,0.2
9,19,26,"High_Standards","max_loading",0.22,0.46,10.55,0.22
9,20,26,"Mental_Emotional","max_loading",0.22,0.38,6.7,0.22
9,21,26,"Trust_Friends","max_loading",0.23,0.48,7.75,0.23
9,22,26,"Exciting_Look_Forward","max_loading",0.23,0.53,7.57,0.23
9,23,26,"Avoid_Distraction","max_loading",0.25,0.32,6.29,0.25
9,24,26,"People_Take_Advantage","max_loading",0.24,0.46,7.41,0.24
9,25,26,"Actively_Carry_Plans","max_loading",0.25,0.54,6.47,0.25
9,26,26,"Some_Wander_Aimlessly","max_loading",0.24,0.46,4.86,0.24
9,27,26,"Worthless_Freq","max_loading",0.25,0.82,8.45,0.25
9,28,26,"Dont_Fit_Community","max_loading",0.25,0.5,6.61,0.25
9,29,26,"Everything_Effort","max_loading",0.25,0.6,7.18,0.25
9,30,26,"Nothing_Cheer","max_loading",0.24,0.71,8.58,0.24
9,31,25,"Careless","max_loading",0.24,0.29,6.75,0.24
9,32,25,"Positive_About_Self","max_loading",0.25,0.78,9.88,0.25
9,33,25,"Worry_Frequency","max_loading",0.28,0.41,4.71,0.28
9,34,25,"Expect_The_Best","max_loading",0.29,0.36,5.98,0.29
9,35,25,"Optimistic_About_Future","max_loading",0.27,0.48,5.61,0.27
9,36,24,"Choose_Goals","communality",0.18,0.18,6.15,0.27
9,37,24,"To_Reach_Goals","communality",0.16,0.16,5.51,0.17
9,38,24,"More_Sucessful","max_loading",0.29,0.41,4.21,0.29
9,39,24,"Social_Others_Lead","max_loading",0.3,0.32,5.33,0.3
10,1,28,"Sympathy_Limits","communality",0.12,0.12,6.31,0.19
10,2,27,"Worry_Compare","communality",0.14,0.14,6.21,0.19
10,3,27,"More_Or_Less_Positive","communality",0.16,0.16,2.19,0.31
10,4,27,"Should_Obey_Law","communality",0.19,0.19,6.76,0.21
10,5,27,"Aware_Body","communality",0.19,0.19,3.34,0.33
10,6,27,"Alcohol_More_Than_Intended","communality",0.2,0.2,11.06,0.17
10,7,27,"Without_skill","communality",0.23,0.23,1.43,0.45
10,8,27,"When_Difficult","communality",0.17,0.17,2.46,0.34
10,9,27,"Approach_Health","communality",0.21,0.21,3.46,0.25
10,10,27,"Intercourse_Pain","communality",0.24,0.24,6.78,0.23
10,11,27,"Leaking_Urine","communality",0.24,0.24,2.63,0.33
10,12,27,"Releived_No_Responsibility","communality",0.24,0.24,3.02,0.33
10,13,27,"Quick_Sense_Hunger","communality",0.24,0.24,1.23,0.51
10,14,27,"Bad_Happens_Prevented","communality",0.24,0.24,6.72,0.22
10,15,27,"Headache_Frequency","communality",0.25,0.25,8.26,0.19
10,16,26,"Low_Pain_Tolerance","communality",0.22,0.22,7.26,0.24
10,17,26,"Loud_Noise","communality",0.24,0.24,9.91,0.17
10,18,26,"Hate_Temp","communality",0.23,0.23,7.19,0.2
10,19,26,"Mental_Emotional","max_loading",0.22,0.38,6.58,0.22
10,20,26,"Exciting_Look_Forward","max_loading",0.22,0.54,8.32,0.22
10,21,26,"Trust_Friends","max_loading",0.23,0.48,7.57,0.23
10,22,25,"Actively_Carry_Plans","max_loading",0.23,0.53,6.35,0.23
10,23,25,"Some_Wander_Aimlessly","max_loading",0.25,0.46,5.06,0.25
10,24,26,"Nothing_Cheer","max_loading",0.24,0.73,8.98,0.24
10,25,25,"Careless","max_loading",0.25,0.3,6.92,0.25
10,26,25,"Positive_About_Self","max_loading",0.22,0.79,10.71,0.22
10,27,25,"Avoid_Distraction","max_loading",0.25,0.32,6.1,0.25
10,28,25,"People_Take_Advantage","max_loading",0.26,0.47,7.1,0.26
10,29,25,"High_Standards","max_loading",0.27,0.45,7.66,0.27
10,30,25,"Worry_Frequency","max_loading",0.27,0.4,4.89,0.27
10,31,25,"Upset_Think_Day","max_loading",0.28,0.54,6.13,0.28
10,32,25,"Dont_Fit_Community","max_loading",0.27,0.51,6.06,0.27
10,33,25,"Expect_The_Best","max_loading",0.28,0.36,6.17,0.28
10,34,25,"Optimistic_About_Future","max_loading",0.27,0.48,5.76,0.27
10,35,25,"Minor_Setback_Irritate","max_loading",0.28,0.49,4.72,0.28
10,36,25,"Worthless_Freq","max_loading",0.29,0.8,6.52,0.29
10,37,25,"Sense_Of_Direction","max_loading",0.29,0.61,5.52,0.29
10,38,24,"Choose_Goals","communality",0.19,0.19,5.92,0.28
10,39,24,"To_Reach_Goals","communality",0.16,0.16,5.65,0.17
10,40,24,"Everything_Effort","max_loading",0.29,0.58,5.13,0.29
10,41,24,"More_Sucessful","max_loading",0.29,0.4,4.17,0.29
11,1,28,"Sympathy_Limits","communality",0.12,0.12,6.64,0.19
11,2,28,"Worry_Compare","communality",0.13,0.13,5.41,0.21
11,3,27,"More_Or_Less_Positive","communality",0.16,0.16,2.09,0.31
11,4,27,"Alcohol_More_Than_Intended","communality",0.19,0.19,10.45,0.17
11,5,27,"Should_Obey_Law","communality",0.19,0.19,6.61,0.21
11,6,27,"Aware_Body","communality",0.2,0.2,3.26,0.34
11,7,27,"Intercourse_Pain","communality",0.23,0.23,6.93,0.22
11,8,27,"Approach_Health","communality",0.23,0.23,2.47,0.29
11,9,27,"When_Difficult","communality",0.22,0.22,2,0.41
11,10,27,"Without_skill","communality",0.16,0.16,1.8,0.33
11,11,27,"Leaking_Urine","communality",0.24,0.24,2.65,0.33
11,12,27,"Bad_Happens_Prevented","communality",0.24,0.24,6.41,0.22
11,13,27,"Releived_No_Responsibility","communality",0.24,0.24,3.14,0.33
11,14,27,"Quick_Sense_Hunger","communality",0.25,0.25,1.23,0.51
11,15,26,"Low_Pain_Tolerance","communality",0.22,0.22,7.04,0.25
11,16,26,"Loud_Noise","communality",0.24,0.24,9.91,0.17
11,17,26,"Hate_Temp","communality",0.23,0.23,6.68,0.21
11,18,26,"Headache_Frequency","communality",0.25,0.25,7.81,0.2
11,19,26,"Mental_Emotional","max_loading",0.21,0.38,6.71,0.21
11,20,26,"High_Standards","max_loading",0.22,0.46,10.34,0.22
11,21,26,"Trust_Friends","max_loading",0.22,0.47,8.01,0.22
11,22,25,"Careless","max_loading",0.23,0.3,7.47,0.23
11,23,25,"Some_Wander_Aimlessly","max_loading",0.23,0.47,5.71,0.23
11,24,25,"Positive_About_Self","max_loading",0.24,0.78,9.56,0.24
11,25,26,"Actively_Carry_Plans","max_loading",0.24,0.54,7.05,0.24
11,26,26,"Everything_Effort","max_loading",0.24,0.61,8.01,0.24
11,27,25,"Avoid_Distraction","max_loading",0.25,0.33,6.33,0.25
11,28,25,"People_Take_Advantage","max_loading",0.26,0.46,6.92,0.26
11,29,26,"Nothing_Cheer","max_loading",0.23,0.73,8.87,0.23
11,30,24,"Exciting_Look_Forward","max_loading",0.28,0.53,5.93,0.28
11,31,24,"Choose_Goals","communality",0.17,0.17,6.21,0.27
11,32,24,"To_Reach_Goals","communality",0.16,0.16,5.44,0.17
11,33,24,"Worry_Frequency","max_loading",0.27,0.41,4.8,0.27
11,34,23,"Worthless_Freq","max_loading",0.29,0.78,5.14,0.29
12,1,28,"Sympathy_Limits","communality",0.12,0.12,6.4,0.19
12,2,28,"Worry_Compare","communality",0.13,0.13,5.81,0.2
12,3,27,"More_Or_Less_Positive","communality",0.16,0.16,2.12,0.31
12,4,27,"Should_Obey_Law","communality",0.19,0.19,6.6,0.21
12,5,27,"Alcohol_More_Than_Intended","communality",0.19,0.19,10.14,0.18
12,6,27,"Aware_Body","communality",0.2,0.2,3.27,0.34
12,7,27,"Approach_Health","communality",0.23,0.23,2.45,0.29
12,8,27,"When_Difficult","communality",0.22,0.22,2.01,0.41
12,9,27,"Without_skill","communality",0.16,0.16,1.8,0.32
12,10,27,"Intercourse_Pain","communality",0.23,0.23,5.72,0.24
12,11,27,"Leaking_Urine","communality",0.24,0.24,2.59,0.33
12,12,27,"Bad_Happens_Prevented","communality",0.24,0.24,6.65,0.22
12,13,27,"Releived_No_Responsibility","communality",0.24,0.24,2.9,0.34
12,14,27,"Quick_Sense_Hunger","communality",0.25,0.25,1.24,0.51
12,15,26,"Low_Pain_Tolerance","communality",0.22,0.22,7.37,0.24
12,16,26,"Loud_Noise","communality",0.24,0.24,9.78,0.18
12,17,26,"Hate_Temp","communality",0.23,0.23,6.72,0.21
12,18,26,"Headache_Frequency","communality",0.25,0.25,7.53,0.2
12,19,26,"Mental_Emotional","max_loading",0.22,0.38,6.74,0.22
12,20,26,"Exciting_Look_Forward","max_loading",0.22,0.54,8.59,0.22
12,21,26,"Trust_Friends","max_loading",0.23,0.48,7.69,0.23
12,22,25,"Actively_Carry_Plans","max_loading",0.23,0.53,6.63,0.23
12,23,25,"Some_Wander_Aimlessly","max_loading",0.25,0.46,5.18,0.25
12,24,25,"Careless","max_loading",0.26,0.3,6.38,0.26
12,25,26,"Worthless_Freq","max_loading",0.24,0.82,8.15,0.24
12,26,25,"Positive_About_Self","max_loading",0.23,0.78,10.39,0.23
12,27,25,"Avoid_Distraction","max_loading",0.25,0.32,6.02,0.25
12,28,25,"High_Standards","max_loading",0.26,0.45,8.26,0.26
12,29,26,"Nothing_Cheer","max_loading",0.23,0.73,9.1,0.23
12,30,25,"Worry_Frequency","max_loading",0.27,0.41,5.08,0.27
12,31,25,"People_Take_Advantage","max_loading",0.27,0.47,6.64,0.27
12,32,25,"Dont_Fit_Community","max_loading",0.28,0.5,5.86,0.28
12,33,25,"Expect_The_Best","max_loading",0.28,0.36,6.18,0.28
12,34,25,"Optimistic_About_Future","max_loading",0.27,0.48,5.74,0.27
12,35,25,"Sense_Of_Direction","max_loading",0.29,0.61,5.58,0.29
12,36,24,"Choose_Goals","communality",0.2,0.2,5.96,0.28
12,37,24,"To_Reach_Goals","communality",0.16,0.16,5.41,0.17
12,38,24,"Everything_Effort","max_loading",0.29,0.58,5.17,0.29
12,39,24,"Upset_Think_Day","max_loading",0.29,0.54,5.74,0.29
12,40,24,"More_Sucessful","max_loading",0.29,0.4,4.11,0.29
12,41,24,"Minor_Setback_Irritate","max_loading",0.3,0.49,4.45,0.3
13,1,28,"Sympathy_Limits","communality",0.12,0.12,6.73,0.19
13,2,28,"Worry_Compare","communality",0.13,0.13,5.8,0.19
13,3,27,"More_Or_Less_Positive","communality",0.16,0.16,2.17,0.31
13,4,27,"Alcohol_More_Than_Intended","communality",0.19,0.19,9.73,0.17
13,5,27,"Should_Obey_Law","communality",0.19,0.19,6.46,0.21
13,6,27,"Aware_Body","communality",0.2,0.2,3.23,0.34
13,7,27,"Without_skill","communality",0.23,0.23,1.45,0.44
13,8,27,"When_Difficult","communality",0.17,0.17,2.5,0.34
13,9,27,"Approach_Health","communality",0.21,0.21,3.5,0.25
13,10,27,"Intercourse_Pain","communality",0.24,0.24,7.18,0.22
13,11,27,"Leaking_Urine","communality",0.23,0.23,2.69,0.33
13,12,27,"Releived_No_Responsibility","communality",0.24,0.24,3.12,0.33
13,13,27,"Bad_Happens_Prevented","communality",0.24,0.24,6.41,0.23
13,14,27,"Quick_Sense_Hunger","communality",0.25,0.25,1.22,0.51
13,15,26,"Low_Pain_Tolerance","communality",0.22,0.22,7.16,0.25
13,16,26,"Loud_Noise","communality",0.24,0.24,9.95,0.17
13,17,26,"Hate_Temp","communality",0.23,0.23,7.04,0.2
13,18,26,"Headache_Frequency","communality",0.25,0.25,7.78,0.19
13,19,26,"Mental_Emotional","max_loading",0.22,0.38,6.64,0.22
13,20,26,"Exciting_Look_Forward","max_loading",0.22,0.54,8.18,0.22
13,21,26,"Trust_Friends","max_loading",0.23,0.48,7.67,0.23
13,22,26,"High_Standards","max_loading",0.25,0.45,8.44,0.25
13,23,26,"Avoid_Distraction","max_loading",0.25,0.33,6.54,0.25
13,24,26,"Worthless_Freq","max_loading",0.25,0.82,8.46,0.25
13,25,26,"Worry_Frequency","max_loading",0.24,0.4,5.51,0.24
13,26,26,"Nothing_Cheer","max_loading",0.25,0.71,8.55,0.25
13,27,25,"Careless","max_loading",0.21,0.3,8.7,0.21
13,28,25,"Some_Wander_Aimlessly","max_loading",0.24,0.47,5.19,0.24
13,29,25,"Lonely_Frequency","max_loading",0.26,0.66,6.57,0.26
13,30,25,"Positive_About_Self","max_loading",0.26,0.79,9.29,0.26
13,31,24,"People_Take_Advantage","max_loading",0.27,0.46,6.93,0.27
13,32,24,"More_Sucessful","max_loading",0.29,0.41,4.27,0.29
13,33,24,"Sense_Of_Direction","max_loading",0.29,0.61,5.33,0.29
13,34,24,"Expect_The_Best","max_loading",0.29,0.37,5.65,0.29
13,35,24,"Optimistic_About_Future","max_loading",0.28,0.47,5.16,0.28
13,36,24,"Actively_Carry_Plans","max_loading",0.3,0.53,4.65,0.3
13,37,24,"Everything_Effort","max_loading",0.3,0.58,5.17,0.3
14,1,28,"Sympathy_Limits","communality",0.12,0.12,6.33,0.19
14,2,28,"Worry_Compare","communality",0.13,0.13,5.59,0.2
14,3,27,"More_Or_Less_Positive","communality",0.16,0.16,2.14,0.31
14,4,27,"Should_Obey_Law","communality",0.19,0.19,7.2,0.2
14,5,27,"Alcohol_More_Than_Intended","communality",0.19,0.19,9.85,0.17
14,6,27,"Aware_Body","communality",0.2,0.2,3.23,0.34
14,7,27,"Without_skill","communality",0.22,0.22,1.4,0.44
14,8,27,"When_Difficult","communality",0.17,0.17,2.38,0.34
14,9,27,"Approach_Health","communality",0.21,0.21,3.25,0.25
14,10,27,"Intercourse_Pain","communality",0.23,0.23,6.13,0.24
14,11,27,"Leaking_Urine","communality",0.23,0.23,2.61,0.33
14,12,27,"Releived_No_Responsibility","communality",0.24,0.24,3.09,0.33
14,13,27,"Bad_Happens_Prevented","communality",0.25,0.25,6.5,0.23
14,14,27,"Quick_Sense_Hunger","communality",0.25,0.25,1.24,0.51
14,15,26,"Low_Pain_Tolerance","communality",0.22,0.22,7.25,0.24
14,16,26,"Loud_Noise","communality",0.24,0.24,9.61,0.18
14,17,26,"Hate_Temp","communality",0.23,0.23,6.63,0.21
14,18,26,"Headache_Frequency","communality",0.25,0.25,7.51,0.2
14,19,26,"High_Standards","max_loading",0.21,0.46,10.67,0.21
14,20,26,"Mental_Emotional","max_loading",0.22,0.38,6.78,0.22
14,21,26,"Trust_Friends","max_loading",0.23,0.48,7.8,0.23
14,22,26,"Exciting_Look_Forward","max_loading",0.23,0.53,7.62,0.23
14,23,26,"People_Take_Advantage","max_loading",0.24,0.47,7.28,0.24
14,24,26,"Nothing_Cheer","max_loading",0.24,0.73,9.33,0.24
14,25,25,"Careless","max_loading",0.21,0.3,8.52,0.21
14,26,25,"Some_Wander_Aimlessly","max_loading",0.23,0.47,5.54,0.23
14,27,25,"Avoid_Distraction","max_loading",0.25,0.32,6.22,0.25
14,28,25,"Worry_Frequency","max_loading",0.25,0.4,5.21,0.25
14,29,25,"Positive_About_Self","max_loading",0.26,0.79,9.11,0.26
14,30,25,"Dont_Fit_Community","max_loading",0.27,0.5,6.17,0.27
14,31,25,"Upset_Think_Day","max_loading",0.28,0.54,6.02,0.28
14,32,25,"Sense_Of_Direction","max_loading",0.28,0.61,5.94,0.28
14,33,25,"Minor_Setback_Irritate","max_loading",0.29,0.49,4.62,0.29
14,34,25,"More_Sucessful","max_loading",0.29,0.4,4.45,0.29
14,35,25,"Worthless_Freq","max_loading",0.29,0.79,6.55,0.29
14,36,25,"Everything_Effort","max_loading",0.29,0.58,5.29,0.29
14,37,25,"Expect_The_Best","max_loading",0.29,0.36,5.81,0.29
14,38,25,"Optimistic_About_Future","max_loading",0.27,0.48,5.55,0.27
14,39,24,"Choose_Goals","communality",0.18,0.18,5.66,0.28
14,40,24,"To_Reach_Goals","communality",0.16,0.16,5.58,0.17
14,41,24,"Actively_Carry_Plans","max_loading",0.29,0.53,4.58,0.29
14,42,24,"Social_Others_Lead","max_loading",0.3,0.32,5.35,0.3
15,1,29,"Sympathy_Limits","communality",0.12,0.12,7,0.19
15,2,28,"Worry_Compare","communality",0.13,0.13,5.46,0.21
15,3,27,"More_Or_Less_Positive","communality",0.16,0.16,2.18,0.31
15,4,27,"Alcohol_More_Than_Intended","communality",0.19,0.19,8.64,0.19
15,5,27,"Should_Obey_Law","communality",0.18,0.18,6.69,0.2
15,6,27,"Aware_Body","communality",0.2,0.2,3.21,0.34
15,7,27,"Without_skill","communality",0.23,0.23,1.4,0.45
15,8,27,"When_Difficult","communality",0.17,0.17,2.4,0.34
15,9,27,"Approach_Health","communality",0.21,0.21,3.61,0.25
15,10,27,"Intercourse_Pain","communality",0.24,0.24,6.55,0.23
15,11,27,"Leaking_Urine","communality",0.24,0.24,2.7,0.33
15,12,27,"Bad_Happens_Prevented","communality",0.24,0.24,6.53,0.22
15,13,27,"Quick_Sense_Hunger","communality",0.24,0.24,1.24,0.51
15,14,26,"Low_Pain_Tolerance","communality",0.22,0.22,7.13,0.25
15,15,26,"Loud_Noise","communality",0.24,0.24,9.75,0.17
15,16,26,"Hate_Temp","communality",0.24,0.24,7.1,0.2
15,17,26,"Releived_No_Responsibility","communality",0.25,0.25,2.78,0.35
15,18,26,"Headache_Frequency","communality",0.25,0.25,7.33,0.2
15,19,26,"Mental_Emotional","max_loading",0.21,0.38,6.86,0.21
15,20,26,"Exciting_Look_Forward","max_loading",0.22,0.54,8.39,0.22
15,21,26,"Trust_Friends","max_loading",0.23,0.48,7.64,0.23
15,22,26,"People_Take_Advantage","max_loading",0.24,0.47,7.47,0.24
15,23,26,"High_Standards","max_loading",0.25,0.45,7.95,0.25
15,24,26,"Avoid_Distraction","max_loading",0.25,0.32,6.5,0.25
15,25,26,"Everything_Effort","max_loading",0.25,0.61,7.32,0.25
15,26,26,"Worthless_Freq","max_loading",0.24,0.81,8.43,0.24
15,27,26,"Nothing_Cheer","max_loading",0.24,0.7,8.19,0.24
15,28,25,"Careless","max_loading",0.22,0.3,8.08,0.22
15,29,25,"Some_Wander_Aimlessly","max_loading",0.23,0.47,5.72,0.23
15,30,25,"Positive_About_Self","max_loading",0.25,0.78,9.74,0.25
15,31,25,"Worry_Frequency","max_loading",0.27,0.41,5.09,0.27
15,32,25,"Dont_Fit_Community","max_loading",0.28,0.5,6,0.28
15,33,25,"Sense_Of_Direction","max_loading",0.28,0.61,5.86,0.28
15,34,25,"Upset_Think_Day","max_loading",0.28,0.54,5.75,0.28
15,35,25,"Actively_Carry_Plans","max_loading",0.29,0.53,4.94,0.29
15,36,25,"Expect_The_Best","max_loading",0.28,0.36,6.19,0.28
15,37,25,"Optimistic_About_Future","max_loading",0.27,0.48,5.55,0.27
15,38,24,"Choose_Goals","communality",0.18,0.18,5.85,0.28
15,39,24,"To_Reach_Goals","communality",0.16,0.16,5.71,0.17
15,40,24,"Minor_Setback_Irritate","max_loading",0.29,0.49,4.58,0.29
15,41,24,"More_Sucessful","max_loading",0.29,0.4,4.14,0.29
15,42,24,"Social_Others_Lead","max_loading",0.3,0.32,5.25,0.3
16,1,28,"Sympathy_Limits","communality",0.12,0.12,5.79,0.2
16,2,28,"Worry_Compare","communality",0.13,0.13,5.63,0.21
16,3,27,"More_Or_Less_Positive","communality",0.16,0.16,2.01,0.31
16,4,27,"Should_Obey_Law","communality",0.19,0.19,6.68,0.21
16,5,27,"Alcohol_More_Than_Intended","communality",0.19,0.19,11.07,0.16
16,6,27,"Aware_Body","communality",0.2,0.2,3.25,0.34
16,7,27,"Without_skill","communality",0.23,0.23,1.38,0.44
16,8,27,"When_Difficult","communality",0.17,0.17,2.36,0.34
16,9,27,"Approach_Health","communality",0.21,0.21,3.42,0.24
16,10,27,"Quick_Sense_Hunger","communality",0.24,0.24,1.25,0.5
16,11,26,"Low_Pain_Tolerance","communality",0.22,0.22,7.49,0.24
16,12,26,"Intercourse_Pain","communality",0.24,0.24,3.66,0.3
16,13,26,"Leaking_Urine","communality",0.23,0.23,2.62,0.33
16,14,26,"Loud_Noise","communality",0.24,0.24,9.97,0.18
16,15,26,"Hate_Temp","communality",0.23,0.23,6.74,0.21
16,16,26,"Releived_No_Responsibility","communality",0.24,0.24,2.82,0.34
16,17,26,"Bad_Happens_Prevented","communality",0.25,0.25,6.58,0.22
16,18,26,"Headache_Frequency","communality",0.25,0.25,7.81,0.2
16,19,26,"Mental_Emotional","max_loading",0.21,0.38,6.67,0.21
16,20,26,"High_Standards","max_loading",0.22,0.46,10.28,0.22
16,21,26,"Trust_Friends","max_loading",0.22,0.48,7.97,0.22
16,22,25,"Careless","max_loading",0.23,0.3,7.47,0.23
16,23,25,"Some_Wander_Aimlessly","max_loading",0.23,0.47,5.96,0.23
16,24,26,"Actively_Carry_Plans","max_loading",0.22,0.53,6.78,0.22
16,25,26,"Exciting_Look_Forward","max_loading",0.24,0.53,7.43,0.24
16,26,26,"Everything_Effort","max_loading",0.24,0.61,7.5,0.24
16,27,26,"Worthless_Freq","max_loading",0.24,0.81,8.18,0.24
16,28,26,"Worry_Frequency","max_loading",0.24,0.41,5.32,0.24
16,29,26,"Avoid_Distraction","max_loading",0.24,0.32,6.31,0.24
16,30,26,"Dont_Fit_Community","max_loading",0.25,0.5,6.42,0.25
16,31,26,"Nothing_Cheer","max_loading",0.25,0.7,7.83,0.25
16,32,25,"Positive_About_Self","max_loading",0.21,0.78,10.96,0.21
16,33,25,"People_Take_Advantage","max_loading",0.25,0.47,6.86,0.25
16,34,25,"Expect_The_Best","max_loading",0.28,0.36,6.1,0.28
16,35,24,"Choose_Goals","communality",0.19,0.19,6.24,0.27
16,36,24,"To_Reach_Goals","communality",0.16,0.16,5.66,0.17
16,37,24,"Optimistic_About_Future","max_loading",0.28,0.47,5.12,0.28
16,38,24,"More_Sucessful","max_loading",0.29,0.41,4.27,0.29
16,39,24,"Social_Others_Lead","max_loading",0.3,0.32,5.22,0.3
16,40,24,"Like_Hard_Work","max_loading",0.3,0.34,5.39,0.3
16,41,24,"Upset_Think_Day","max_loading",0.3,0.54,5.57,0.3
16,42,24,"Minor_Setback_Irritate","max_loading",0.3,0.49,4.52,0.3
17,1,28,"Sympathy_Limits","communality",0.12,0.12,6.18,0.2
17,2,28,"Worry_Compare","communality",0.13,0.13,6.46,0.19
17,3,27,"More_Or_Less_Positive","communality",0.16,0.16,2.06,0.31
17,4,27,"Should_Obey_Law","communality",0.19,0.19,6.78,0.21
17,5,27,"Alcohol_More_Than_Intended","communality",0.19,0.19,9.82,0.18
17,6,27,"Aware_Body","communality",0.2,0.2,3.24,0.34
17,7,27,"Without_skill","communality",0.23,0.23,1.43,0.44
17,8,27,"When_Difficult","communality",0.17,0.17,2.33,0.34
17,9,27,"Approach_Health","communality",0.21,0.21,3.29,0.25
17,10,27,"Quick_Sense_Hunger","communality",0.24,0.24,1.24,0.5
17,11,27,"Releived_No_Responsibility","communality",0.24,0.24,3.34,0.32
17,12,27,"Low_Pain_Tolerance","communality",0.25,0.25,2.27,0.39
17,13,26,"Intercourse_Pain","communality",0.24,0.24,3.17,0.32
17,14,26,"Leaking_Urine","communality",0.23,0.23,2.78,0.32
17,15,26,"Loud_Noise","communality",0.24,0.24,9.59,0.18
17,16,26,"Hate_Temp","communality",0.23,0.23,6.73,0.2
17,17,26,"Bad_Happens_Prevented","communality",0.25,0.25,6.43,0.23
17,18,26,"Headache_Frequency","communality",0.25,0.25,7.6,0.2
17,19,26,"Mental_Emotional","max_loading",0.21,0.38,6.97,0.21
17,20,26,"Exciting_Look_Forward","max_loading",0.22,0.54,8.4,0.22
17,21,26,"Trust_Friends","max_loading",0.23,0.48,7.71,0.23
17,22,25,"Actively_Carry_Plans","max_loading",0.23,0.54,6.28,0.23
17,23,26,"Dont_Fit_Community","max_loading",0.25,0.51,6.72,0.25
17,24,26,"Avoid_Distraction","max_loading",0.25,0.32,6.14,0.25
17,25,26,"Worthless_Freq","max_loading",0.25,0.82,8.17,0.25
17,26,26,"Nothing_Cheer","max_loading",0.24,0.72,8.49,0.24
17,27,25,"Some_Wander_Aimlessly","max_loading",0.24,0.46,5.88,0.24
17,28,25,"Careless","max_loading",0.24,0.3,7.03,0.24
17,29,25,"Positive_About_Self","max_loading",0.24,0.78,10.51,0.24
17,30,25,"People_Take_Advantage","max_loading",0.26,0.47,6.88,0.26
17,31,25,"High_Standards","max_loading",0.26,0.45,7.75,0.26
17,32,25,"Expect_The_Best","max_loading",0.28,0.36,6.23,0.28
17,33,25,"Optimistic_About_Future","max_loading",0.26,0.47,5.73,0.26
17,34,25,"Sense_Of_Direction","max_loading",0.29,0.61,5.74,0.29
17,35,25,"More_Sucessful","max_loading",0.29,0.41,4.15,0.29
17,36,25,"Worry_Frequency","max_loading",0.29,0.41,4.69,0.29
17,37,24,"Choose_Goals","communality",0.18,0.18,5.89,0.28
17,38,24,"To_Reach_Goals","communality",0.16,0.16,5.79,0.17
17,39,24,"Everything_Effort","max_loading",0.29,0.58,5.25,0.29
17,40,24,"Upset_Think_Day","max_loading",0.3,0.54,5.54,0.3
17,41,24,"Minor_Setback_Irritate","max_loading",0.3,0.49,4.44,0.3
18,1,28,"Sympathy_Limits","communality",0.12,0.12,6,0.2
18,2,28,"Worry_Compare","communality",0.13,0.13,5.24,0.21
18,3,27,"More_Or_Less_Positive","communality",0.16,0.16,2.1,0.31
18,4,27,"Should_Obey_Law","communality",0.19,0.19,6.76,0.21
18,5,27,"Alcohol_More_Than_Intended","communality",0.19,0.19,11.45,0.15
18,6,27,"Aware_Body","communality",0.19,0.19,3.23,0.34
18,7,27,"Without_skill","communality",0.23,0.23,1.43,0.44
18,8,27,"When_Difficult","communality",0.16,0.16,2.41,0.33
18,9,27,"Approach_Health","communality",0.21,0.21,3.61,0.24
18,10,27,"Quick_Sense_Hunger","communality",0.24,0.24,1.22,0.51
18,11,26,"Low_Pain_Tolerance","communality",0.22,0.22,7.95,0.23
18,12,26,"Loud_Noise","communality",0.24,0.24,8.44,0.2
18,13,26,"Hate_Temp","communality",0.24,0.24,6.21,0.22
18,14,26,"Intercourse_Pain","communality",0.24,0.24,3.78,0.3
18,15,26,"Leaking_Urine","communality",0.23,0.23,2.47,0.33
18,16,26,"Releived_No_Responsibility","communality",0.24,0.24,2.85,0.35
18,17,26,"Bad_Happens_Prevented","communality",0.25,0.25,6.61,0.23
18,18,26,"Headache_Frequency","communality",0.25,0.25,8.02,0.19
18,19,26,"Mental_Emotional","max_loading",0.21,0.38,6.79,0.21
18,20,26,"High_Standards","max_loading",0.23,0.46,10.05,0.23
18,21,26,"Trust_Friends","max_loading",0.23,0.48,7.69,0.23
18,22,26,"Exciting_Look_Forward","max_loading",0.23,0.53,7.56,0.23
18,23,26,"People_Take_Advantage","max_loading",0.24,0.47,7.46,0.24
18,24,26,"Avoid_Distraction","max_loading",0.24,0.32,6.4,0.24
18,25,26,"Worthless_Freq","max_loading",0.24,0.81,8.49,0.24
18,26,26,"Nothing_Cheer","max_loading",0.25,0.72,8.6,0.25
18,27,25,"Careless","max_loading",0.2,0.3,8.88,0.2
18,28,25,"Some_Wander_Aimlessly","max_loading",0.24,0.47,5.2,0.24
18,29,25,"Worry_Frequency","max_loading",0.26,0.4,5.02,0.26
18,30,25,"Lonely_Frequency","max_loading",0.27,0.66,6.25,0.27
18,31,25,"Sense_Of_Direction","max_loading",0.27,0.68,7.13,0.27
18,32,24,"Positive_About_Self","max_loading",0.24,0.71,8.52,0.24
18,33,24,"Everything_Effort","max_loading",0.3,0.58,5.14,0.3
18,34,24,"Actively_Carry_Plans","max_loading",0.29,0.53,4.79,0.29
18,35,24,"Expect_The_Best","max_loading",0.29,0.36,5.73,0.29
18,36,24,"Optimistic_About_Future","max_loading",0.28,0.48,5.41,0.28
18,37,24,"More_Sucessful","max_loading",0.3,0.41,4.13,0.3
19,1,29,"Sympathy_Limits","communality",0.12,0.12,6.6,0.19
19,2,28,"Worry_Compare","communality",0.13,0.13,5.31,0.21
19,3,27,"More_Or_Less_Positive","communality",0.16,0.16,2.2,0.31
19,4,27,"Alcohol_More_Than_Intended","communality",0.19,0.19,9.58,0.18
19,5,27,"Should_Obey_Law","communality",0.18,0.18,6.68,0.2
19,6,27,"Aware_Body","communality",0.2,0.2,3.22,0.34
19,7,27,"Without_skill","communality",0.23,0.23,1.42,0.44
19,8,27,"When_Difficult","communality",0.16,0.16,2.48,0.33
19,9,27,"Approach_Health","communality",0.21,0.21,3.35,0.25
19,10,27,"Intercourse_Pain","communality",0.23,0.23,5.78,0.25
19,11,27,"Leaking_Urine","communality",0.24,0.24,2.64,0.33
19,12,27,"Releived_No_Responsibility","communality",0.24,0.24,2.94,0.34
19,13,27,"Bad_Happens_Prevented","communality",0.24,0.24,6.77,0.22
19,14,27,"Quick_Sense_Hunger","communality",0.25,0.25,1.23,0.51
19,15,26,"Low_Pain_Tolerance","communality",0.22,0.22,7.4,0.24
19,16,26,"Loud_Noise","communality",0.24,0.24,9.94,0.18
19,17,26,"Hate_Temp","communality",0.23,0.23,7.01,0.2
19,18,26,"Headache_Frequency","max_loading",0.2,0.25,7.64,0.2
19,19,26,"Mental_Emotional","max_loading",0.21,0.38,6.67,0.21
19,20,26,"Exciting_Look_Forward","max_loading",0.22,0.54,8.42,0.22
19,21,26,"Trust_Friends","max_loading",0.23,0.48,7.58,0.23
19,22,26,"Worthless_Freq","max_loading",0.25,0.81,7.94,0.25
19,23,26,"Nothing_Cheer","max_loading",0.25,0.72,8.28,0.25
19,24,25,"Careless","max_loading",0.21,0.3,8.67,0.21
19,25,25,"Some_Wander_Aimlessly","max_loading",0.24,0.47,4.97,0.24
19,26,25,"Avoid_Distraction","max_loading",0.26,0.32,6,0.26
19,27,25,"Worry_Frequency","max_loading",0.26,0.4,4.98,0.26
19,28,25,"Positive_About_Self","max_loading",0.27,0.78,9.74,0.27
19,29,25,"High_Standards","max_loading",0.27,0.45,7.66,0.27
19,30,25,"Dont_Fit_Community","max_loading",0.27,0.5,5.99,0.27
19,31,25,"People_Take_Advantage","max_loading",0.27,0.47,6.65,0.27
19,32,25,"Sense_Of_Direction","max_loading",0.28,0.61,5.75,0.28
19,33,25,"Expect_The_Best","max_loading",0.28,0.37,6.42,0.28
19,34,25,"Optimistic_About_Future","max_loading",0.27,0.48,5.73,0.27
19,35,24,"Choose_Goals","communality",0.19,0.19,6.01,0.28
19,36,24,"To_Reach_Goals","communality",0.16,0.16,5.65,0.18
19,37,24,"Everything_Effort","max_loading",0.28,0.58,5.37,0.28
19,38,24,"Actively_Carry_Plans","max_loading",0.29,0.53,4.69,0.29
19,39,24,"Upset_Think_Day","max_loading",0.29,0.54,5.78,0.29
19,40,24,"Minor_Setback_Irritate","max_loading",0.29,0.49,4.59,0.29
19,41,24,"More_Sucessful","max_loading",0.3,0.4,4.17,0.3
20,1,28,"Sympathy_Limits","communality",0.12,0.12,6.02,0.2
20,2,27,"Worry_Compare","communality",0.13,0.13,6.22,0.19
20,3,27,"More_Or_Less_Positive","communality",0.16,0.16,2.05,0.32
20,4,27,"Should_Obey_Law","communality",0.19,0.19,6.65,0.21
20,5,27,"Alcohol_More_Than_Intended","communality",0.19,0.19,11.46,0.16
20,6,27,"Aware_Body","communality",0.2,0.2,3.12,0.35
20,7,27,"Without_skill","communality",0.23,0.23,1.41,0.44
20,8,27,"When_Difficult","communality",0.17,0.17,2.39,0.34
20,9,27,"Approach_Health","communality",0.21,0.21,3.44,0.25
20,10,27,"Intercourse_Pain","communality",0.23,0.23,6.14,0.24
20,11,27,"Leaking_Urine","communality",0.23,0.23,2.66,0.33
20,12,27,"Bad_Happens_Prevented","communality",0.24,0.24,6.55,0.22
20,13,27,"Quick_Sense_Hunger","communality",0.25,0.25,1.23,0.51
20,14,26,"Low_Pain_Tolerance","communality",0.22,0.22,7.3,0.25
20,15,26,"Loud_Noise","communality",0.24,0.24,9.59,0.18
20,16,26,"Hate_Temp","communality",0.23,0.23,6.73,0.21
20,17,26,"Releived_No_Responsibility","communality",0.24,0.24,2.75,0.35
20,18,26,"Headache_Frequency","communality",0.25,0.25,7.86,0.2
20,19,26,"Mental_Emotional","max_loading",0.21,0.38,6.89,0.21
20,20,26,"High_Standards","max_loading",0.22,0.46,10.53,0.22
20,21,26,"Trust_Friends","max_loading",0.22,0.48,7.93,0.22
20,22,26,"Exciting_Look_Forward","max_loading",0.23,0.53,7.61,0.23
20,23,26,"People_Take_Advantage","max_loading",0.25,0.47,7.5,0.25
20,24,26,"Avoid_Distraction","max_loading",0.24,0.32,6.44,0.24
20,25,26,"Everything_Effort","max_loading",0.25,0.61,7.21,0.25
20,26,26,"Nothing_Cheer","max_loading",0.24,0.72,8.77,0.24
20,27,25,"Some_Wander_Aimlessly","max_loading",0.22,0.47,5.87,0.22
20,28,25,"Careless","max_loading",0.23,0.29,7.39,0.23
20,29,25,"Lonely_Frequency","max_loading",0.26,0.66,6.61,0.26
20,30,25,"Worry_Frequency","max_loading",0.25,0.4,5.17,0.25
20,31,25,"Actively_Carry_Plans","max_loading",0.24,0.53,6.34,0.24
20,32,25,"Worthless_Freq","max_loading",0.28,0.79,6.8,0.28
20,33,25,"More_Sucessful","max_loading",0.29,0.41,4.51,0.29
20,34,25,"Expect_The_Best","max_loading",0.29,0.37,5.69,0.29
20,35,25,"Optimistic_About_Future","max_loading",0.27,0.48,5.55,0.27
